Metric,Value
Accuracy,0.29381443298969073
Weighted Precision,0.26160256741510135
Weighted Recall,0.29381443298969073
Weighted F1,0.26004750379832237
