{
  "train_loss": [
    0.10583676149447759,
    0.09668294340372086,
    0.09084760397672653,
    0.08472334096829097,
    0.0785319060087204,
    0.07384346673885982,
    0.0699770450592041,
    0.06628962730367978,
    0.06504863128066063,
    0.06252076973517735,
    0.06012430042028427,
    0.05762916306654612,
    0.05507995809117953,
    0.05608211954434713,
    0.05095010623335838,
    0.04954145848751068,
    0.0509032296637694,
    0.048088165620962776,
    0.04928628355264664,
    0.046534959226846695,
    0.04403267055749893,
    0.048177286982536316,
    0.0452721950908502,
    0.0429975800216198,
    0.04479352757334709,
    0.0409030814965566,
    0.04511938616633415,
    0.04190612956881523,
    0.04190810148914655,
    0.03818405171235403,
    0.03894920895497004,
    0.03803583855430285,
    0.04020538801948229,
    0.039347259948650994,
    0.0354262242714564
  ],
  "val_loss": [
    0.05758104845881462,
    0.04101622477173805,
    0.026385953649878502,
    0.022264402359724045,
    0.020269036293029785
  ],
  "epochs": [
    1,
    2,
    3,
    4,
    5,
    6,
    7,
    8,
    9,
    10,
    11,
    12,
    13,
    14,
    15,
    16,
    17,
    18,
    19,
    20,
    21,
    22,
    23,
    24,
    25,
    26,
    27,
    28,
    29,
    30,
    31,
    32,
    33,
    34,
    35
  ],
  "best_val_loss": 0.020269036293029785
}