{
    "Aggression": {
        "precision": 0.625,
        "recall": 0.5,
        "f1-score": 0.5555555555555556,
        "support": 10.0
    },
    "TheftOrLarceny": {
        "precision": 0.8472222222222222,
        "recall": 0.9104477611940298,
        "f1-score": 0.8776978417266187,
        "support": 67.0
    },
    "Firebombing": {
        "precision": 0.8888888888888888,
        "recall": 0.8,
        "f1-score": 0.8421052631578947,
        "support": 10.0
    },
    "LawEnforcement": {
        "precision": 1.0,
        "recall": 1.0,
        "f1-score": 1.0,
        "support": 3.0
    },
    "Shooting": {
        "precision": 0.9545454545454546,
        "recall": 0.9545454545454546,
        "f1-score": 0.9545454545454546,
        "support": 22.0
    },
    "Vandalism": {
        "precision": 0.6666666666666666,
        "recall": 1.0,
        "f1-score": 0.8,
        "support": 2.0
    },
    "RoadAccidents": {
        "precision": 0.782608695652174,
        "recall": 0.6923076923076923,
        "f1-score": 0.7346938775510204,
        "support": 26.0
    },
    "accuracy": 0.8428571428571429,
    "macro avg": {
        "precision": 0.8235617039964866,
        "recall": 0.8367572725781681,
        "f1-score": 0.823513998933792,
        "support": 140.0
    },
    "weighted avg": {
        "precision": 0.8398852657004829,
        "recall": 0.8428571428571429,
        "f1-score": 0.8391743171367463,
        "support": 140.0
    }
}