{
    "accuracy": 0.35051546391752575,
    "precision_per_class": {
        "Abuse": 0.5,
        "Arrest": 0.0,
        "Arson": 0.5,
        "Assault": 0.0,
        "Burglary": 0.25,
        "Explosion": 0.125,
        "Fighting": 0.2857142857142857,
        "Normal": 0.3333333333333333,
        "RoadAccidents": 0.35714285714285715,
        "Robbery": 0.5135135135135135,
        "Shooting": 0.0,
        "Shoplifting": 0.0,
        "Stealing": 0.45,
        "Vandalism": 0.21428571428571427
    },
    "recall_per_class": {
        "Abuse": 0.4,
        "Arrest": 0.0,
        "Arson": 0.2,
        "Assault": 0.0,
        "Burglary": 0.1,
        "Explosion": 0.1,
        "Fighting": 0.4,
        "Normal": 0.4,
        "RoadAccidents": 0.6666666666666666,
        "Robbery": 0.6333333333333333,
        "Shooting": 0.0,
        "Shoplifting": 0.0,
        "Stealing": 0.45,
        "Vandalism": 0.3
    },
    "f1_per_class": {
        "Abuse": 0.4444444444444444,
        "Arrest": 0.0,
        "Arson": 0.2857142857142857,
        "Assault": 0.0,
        "Burglary": 0.14285714285714285,
        "Explosion": 0.1111111111111111,
        "Fighting": 0.3333333333333333,
        "Normal": 0.36363636363636365,
        "RoadAccidents": 0.46511627906976744,
        "Robbery": 0.5671641791044776,
        "Shooting": 0.0,
        "Shoplifting": 0.0,
        "Stealing": 0.45,
        "Vandalism": 0.25
    },
    "support_per_class": {
        "Abuse": 10,
        "Arrest": 10,
        "Arson": 10,
        "Assault": 10,
        "Burglary": 20,
        "Explosion": 10,
        "Fighting": 10,
        "Normal": 10,
        "RoadAccidents": 30,
        "Robbery": 30,
        "Shooting": 10,
        "Shoplifting": 4,
        "Stealing": 20,
        "Vandalism": 10
    },
    "precision_weighted": 0.30774754872693016,
    "recall_weighted": 0.35051546391752575,
    "f1_weighted": 0.31292758755033806,
    "confusion_matrix": [
        [
            4,
            0,
            0,
            0,
            0,
            0,
            2,
            1,
            1,
            0,
            1,
            0,
            0,
            1
        ],
        [
            1,
            0,
            0,
            0,
            0,
            0,
            2,
            1,
            2,
            2,
            2,
            0,
            0,
            0
        ],
        [
            1,
            0,
            2,
            0,
            1,
            1,
            0,
            1,
            1,
            0,
            1,
            0,
            1,
            1
        ],
        [
            0,
            0,
            0,
            0,
            0,
            1,
            2,
            0,
            3,
            2,
            0,
            0,
            2,
            0
        ],
        [
            0,
            0,
            0,
            0,
            2,
            1,
            1,
            1,
            3,
            4,
            0,
            1,
            2,
            5
        ],
        [
            0,
            0,
            1,
            0,
            1,
            1,
            0,
            0,
            7,
            0,
            0,
            0,
            0,
            0
        ],
        [
            0,
            0,
            0,
            1,
            0,
            0,
            4,
            0,
            0,
            3,
            1,
            0,
            1,
            0
        ],
        [
            0,
            0,
            0,
            0,
            0,
            0,
            0,
            4,
            5,
            1,
            0,
            0,
            0,
            0
        ],
        [
            0,
            0,
            0,
            0,
            0,
            2,
            0,
            2,
            20,
            0,
            3,
            0,
            3,
            0
        ],
        [
            1,
            1,
            0,
            0,
            1,
            0,
            2,
            0,
            4,
            19,
            1,
            0,
            0,
            1
        ],
        [
            0,
            0,
            0,
            0,
            0,
            1,
            0,
            1,
            3,
            2,
            0,
            0,
            1,
            2
        ],
        [
            0,
            0,
            0,
            0,
            0,
            0,
            0,
            1,
            0,
            3,
            0,
            0,
            0,
            0
        ],
        [
            1,
            0,
            1,
            0,
            2,
            0,
            1,
            0,
            5,
            0,
            0,
            0,
            9,
            1
        ],
        [
            0,
            0,
            0,
            0,
            1,
            1,
            0,
            0,
            2,
            1,
            1,
            0,
            1,
            3
        ]
    ],
    "classification_report": {
        "Abuse": {
            "precision": 0.5,
            "recall": 0.4,
            "f1-score": 0.4444444444444444,
            "support": 10.0
        },
        "Arrest": {
            "precision": 0.0,
            "recall": 0.0,
            "f1-score": 0.0,
            "support": 10.0
        },
        "Arson": {
            "precision": 0.5,
            "recall": 0.2,
            "f1-score": 0.2857142857142857,
            "support": 10.0
        },
        "Assault": {
            "precision": 0.0,
            "recall": 0.0,
            "f1-score": 0.0,
            "support": 10.0
        },
        "Burglary": {
            "precision": 0.25,
            "recall": 0.1,
            "f1-score": 0.14285714285714285,
            "support": 20.0
        },
        "Explosion": {
            "precision": 0.125,
            "recall": 0.1,
            "f1-score": 0.1111111111111111,
            "support": 10.0
        },
        "Fighting": {
            "precision": 0.2857142857142857,
            "recall": 0.4,
            "f1-score": 0.3333333333333333,
            "support": 10.0
        },
        "Normal": {
            "precision": 0.3333333333333333,
            "recall": 0.4,
            "f1-score": 0.36363636363636365,
            "support": 10.0
        },
        "RoadAccidents": {
            "precision": 0.35714285714285715,
            "recall": 0.6666666666666666,
            "f1-score": 0.46511627906976744,
            "support": 30.0
        },
        "Robbery": {
            "precision": 0.5135135135135135,
            "recall": 0.6333333333333333,
            "f1-score": 0.5671641791044776,
            "support": 30.0
        },
        "Shooting": {
            "precision": 0.0,
            "recall": 0.0,
            "f1-score": 0.0,
            "support": 10.0
        },
        "Shoplifting": {
            "precision": 0.0,
            "recall": 0.0,
            "f1-score": 0.0,
            "support": 4.0
        },
        "Stealing": {
            "precision": 0.45,
            "recall": 0.45,
            "f1-score": 0.45,
            "support": 20.0
        },
        "Vandalism": {
            "precision": 0.21428571428571427,
            "recall": 0.3,
            "f1-score": 0.25,
            "support": 10.0
        },
        "accuracy": 0.35051546391752575,
        "macro avg": {
            "precision": 0.25207069314212177,
            "recall": 0.26071428571428573,
            "f1-score": 0.24381265280506614,
            "support": 194.0
        },
        "weighted avg": {
            "precision": 0.30774754872693016,
            "recall": 0.35051546391752575,
            "f1-score": 0.31292758755033806,
            "support": 194.0
        }
    }
}