Metric,Value
Accuracy,0.35051546391752575
Weighted Precision,0.30774754872693016
Weighted Recall,0.35051546391752575
Weighted F1,0.31292758755033806
