{
    "accuracy": 0.29381443298969073,
    "precision_per_class": {
        "Abuse": 0.3333333333333333,
        "Arrest": 0.0,
        "Arson": 0.21428571428571427,
        "Assault": 0.0625,
        "Burglary": 0.25,
        "Explosion": 0.25,
        "Fighting": 0.1111111111111111,
        "Normal": 0.3333333333333333,
        "RoadAccidents": 0.5,
        "Robbery": 0.40350877192982454,
        "Shooting": 0.0,
        "Shoplifting": 0.0,
        "Stealing": 0.28,
        "Vandalism": 0.0
    },
    "recall_per_class": {
        "Abuse": 0.3,
        "Arrest": 0.0,
        "Arson": 0.3,
        "Assault": 0.1,
        "Burglary": 0.05,
        "Explosion": 0.3,
        "Fighting": 0.1,
        "Normal": 0.3,
        "RoadAccidents": 0.4,
        "Robbery": 0.7666666666666667,
        "Shooting": 0.0,
        "Shoplifting": 0.0,
        "Stealing": 0.35,
        "Vandalism": 0.0
    },
    "f1_per_class": {
        "Abuse": 0.3157894736842105,
        "Arrest": 0.0,
        "Arson": 0.25,
        "Assault": 0.07692307692307693,
        "Burglary": 0.08333333333333333,
        "Explosion": 0.2727272727272727,
        "Fighting": 0.10526315789473684,
        "Normal": 0.3157894736842105,
        "RoadAccidents": 0.4444444444444444,
        "Robbery": 0.5287356321839081,
        "Shooting": 0.0,
        "Shoplifting": 0.0,
        "Stealing": 0.3111111111111111,
        "Vandalism": 0.0
    },
    "support_per_class": {
        "Abuse": 10,
        "Arrest": 10,
        "Arson": 10,
        "Assault": 10,
        "Burglary": 20,
        "Explosion": 10,
        "Fighting": 10,
        "Normal": 10,
        "RoadAccidents": 30,
        "Robbery": 30,
        "Shooting": 10,
        "Shoplifting": 4,
        "Stealing": 20,
        "Vandalism": 10
    },
    "precision_weighted": 0.26160256741510135,
    "recall_weighted": 0.29381443298969073,
    "f1_weighted": 0.26004750379832237,
    "confusion_matrix": [
        [
            3,
            1,
            1,
            2,
            0,
            1,
            1,
            0,
            0,
            0,
            0,
            0,
            0,
            1
        ],
        [
            2,
            0,
            0,
            1,
            0,
            0,
            1,
            1,
            0,
            3,
            2,
            0,
            0,
            0
        ],
        [
            1,
            0,
            3,
            0,
            0,
            0,
            1,
            1,
            1,
            0,
            0,
            0,
            3,
            0
        ],
        [
            0,
            0,
            2,
            1,
            0,
            0,
            1,
            0,
            1,
            4,
            0,
            0,
            1,
            0
        ],
        [
            1,
            1,
            0,
            0,
            1,
            3,
            0,
            2,
            0,
            8,
            0,
            1,
            2,
            1
        ],
        [
            0,
            0,
            1,
            0,
            1,
            3,
            0,
            0,
            3,
            1,
            0,
            0,
            1,
            0
        ],
        [
            1,
            0,
            0,
            2,
            0,
            0,
            1,
            0,
            0,
            6,
            0,
            0,
            0,
            0
        ],
        [
            0,
            0,
            0,
            0,
            0,
            1,
            0,
            3,
            1,
            3,
            0,
            0,
            1,
            1
        ],
        [
            0,
            1,
            0,
            4,
            0,
            2,
            1,
            0,
            12,
            2,
            0,
            0,
            5,
            3
        ],
        [
            1,
            1,
            0,
            3,
            1,
            0,
            0,
            0,
            0,
            23,
            0,
            0,
            1,
            0
        ],
        [
            0,
            0,
            1,
            0,
            1,
            1,
            0,
            1,
            1,
            2,
            0,
            1,
            2,
            0
        ],
        [
            0,
            0,
            0,
            0,
            0,
            0,
            0,
            1,
            0,
            2,
            0,
            0,
            1,
            0
        ],
        [
            0,
            0,
            3,
            2,
            0,
            0,
            2,
            0,
            5,
            1,
            0,
            0,
            7,
            0
        ],
        [
            0,
            0,
            3,
            1,
            0,
            1,
            1,
            0,
            0,
            2,
            0,
            1,
            1,
            0
        ]
    ],
    "classification_report": {
        "Abuse": {
            "precision": 0.3333333333333333,
            "recall": 0.3,
            "f1-score": 0.3157894736842105,
            "support": 10.0
        },
        "Arrest": {
            "precision": 0.0,
            "recall": 0.0,
            "f1-score": 0.0,
            "support": 10.0
        },
        "Arson": {
            "precision": 0.21428571428571427,
            "recall": 0.3,
            "f1-score": 0.25,
            "support": 10.0
        },
        "Assault": {
            "precision": 0.0625,
            "recall": 0.1,
            "f1-score": 0.07692307692307693,
            "support": 10.0
        },
        "Burglary": {
            "precision": 0.25,
            "recall": 0.05,
            "f1-score": 0.08333333333333333,
            "support": 20.0
        },
        "Explosion": {
            "precision": 0.25,
            "recall": 0.3,
            "f1-score": 0.2727272727272727,
            "support": 10.0
        },
        "Fighting": {
            "precision": 0.1111111111111111,
            "recall": 0.1,
            "f1-score": 0.10526315789473684,
            "support": 10.0
        },
        "Normal": {
            "precision": 0.3333333333333333,
            "recall": 0.3,
            "f1-score": 0.3157894736842105,
            "support": 10.0
        },
        "RoadAccidents": {
            "precision": 0.5,
            "recall": 0.4,
            "f1-score": 0.4444444444444444,
            "support": 30.0
        },
        "Robbery": {
            "precision": 0.40350877192982454,
            "recall": 0.7666666666666667,
            "f1-score": 0.5287356321839081,
            "support": 30.0
        },
        "Shooting": {
            "precision": 0.0,
            "recall": 0.0,
            "f1-score": 0.0,
            "support": 10.0
        },
        "Shoplifting": {
            "precision": 0.0,
            "recall": 0.0,
            "f1-score": 0.0,
            "support": 4.0
        },
        "Stealing": {
            "precision": 0.28,
            "recall": 0.35,
            "f1-score": 0.3111111111111111,
            "support": 20.0
        },
        "Vandalism": {
            "precision": 0.0,
            "recall": 0.0,
            "f1-score": 0.0,
            "support": 10.0
        },
        "accuracy": 0.29381443298969073,
        "macro avg": {
            "precision": 0.1955765902852369,
            "recall": 0.2119047619047619,
            "f1-score": 0.1931512125704503,
            "support": 194.0
        },
        "weighted avg": {
            "precision": 0.26160256741510135,
            "recall": 0.29381443298969073,
            "f1-score": 0.26004750379832237,
            "support": 194.0
        }
    }
}